type,name,notice,furigana
不燃ごみ,アイロン,,あ 
かん,空き缶,飲料用・食品用のみ対象,あ 
雑誌・雑紙,空き箱(紙製),段ボール製は段ボールへ,あ 
びん,空きびん,飲料用・食品用・化粧品用のみ対象,あ 
可燃ごみ,足拭きマット,,あ 
不燃ごみ,アタッシュケース,,あ 
不燃ごみ,アダプター(電源用),,あ 
可燃ごみ,油,紙・布にしみ込ませるか、 凝固剤で固めてください,あ 
可燃ごみ,油紙,,あ 
可燃ごみ,油取り紙,,あ 
びん,油びん(食用),,あ 
可燃ごみ,雨具(カッパ),,あ 
有害ごみ,アルカリ乾電池,,あ 
可燃ごみ,アルバム,金具はできるだけ外して不燃ごみへ,あ 
不燃ごみ,アルミコーティング袋,,あ 
不燃ごみ,アルミ箔,,あ 
不燃ごみ,アルミホイル,,あ 
不燃ごみ,あんか,,あ 
不燃ごみ,安全ピン,,あ 
段ボール,衣装ケース(紙製),,い
可燃ごみ,板,,い
不燃ごみ,板ガラス,厚紙などに包んでください,い
びん,一升びん,,い
可燃ごみ,医薬品 ( 家庭用),,い
古着・古布,衣類,汚れのひどいものは可燃ごみへ,い
可燃ごみ,色鉛筆,,い
可燃ごみ,印鑑(象牙製・木製・プラスチック製),,い
可燃ごみ,インクリボン (インクカートリッジ),できるだけ 販売店の店頭回収ポストへ,い
プラスチック,インスタント麺の袋,,い
不燃ごみ,インターホン,,い
不燃ごみ,植木鉢(陶磁器製・金属製),,う 
可燃ごみ,植木鉢(プラスチック製),,う 
可燃ごみ,ウェットティッシュ,,う 
可燃ごみ,浮き輪,,う 
可燃ごみ,うちわ(木製・プラスチック製),,う 
不燃ごみ,腕時計,,う 
可燃ごみ,枝,長さ 60cm 直径 30cm の束 1回につき2束までは無料 (1本の太さは直径5cmまで),え
不燃ごみ,枝切りばさみ,厚紙などに包んでください,え
不燃ごみ,絵の具のチューブ(アルミ製),,え
プラスチック,絵の具のチューブ (プラスチック製),,え
雑誌・雑紙,絵本,,え
可燃ごみ,MD,,え
可燃ごみ,MDケース,,え
不燃ごみ,MDラジカセ,,え
可燃ごみ,園芸肥料,,え
可燃ごみ,園芸腐葉土,,え
不燃ごみ,延長コード,,え
可燃ごみ,鉛筆,,え
不燃ごみ,鉛筆削り,,え
可燃ごみ,オイル,紙・布にしみ込ませるか、 凝固剤で固めてください,お 
かん,オイル缶(食用),,お 
びん,オイルびん(食用),,お 
不燃ごみ,王冠,,お 
雑誌・雑紙,OA用紙,感熱紙は可燃ごみへ,お 
可燃ごみ,桶(木製・プラスチック製),,お 
可燃ごみ,おしゃぶり,,お 
不燃ごみ,おたま(杓子)(金属製),,お 
可燃ごみ,おたま(杓子) (竹製・木製・プラスチック製),,お 
可燃ごみ,落ち葉,1回につき45L以下、2袋まで無料,お 
古着・古布,帯,汚れのひどいものは可燃ごみへ,お 
不燃ごみ,オーブントースター,,お 
不燃ごみ,お盆(金属製),,お 
可燃ごみ,お盆(木製・プラスチック製),,お 
可燃ごみ,おまる,,お 
可燃ごみ,おむつ(乳幼児・高齢者・障害者),おむつ袋(緑色) 、汚物はトイレへ流してください,お 
可燃ごみ,おむつカバー,,お 
不燃ごみ,おもちゃ(金属製),,お 
可燃ごみ,おもちゃ (木製・プラスチック製),,お 
不燃ごみ,折りたたみ洗濯角ハンガー (金属製),,お 
可燃ごみ,折りたたみ洗濯角ハンガー (プラスチック製),,お 
新聞,折り込みチラシ,,お 
不燃ごみ,折りたたみイス(金属製),,お 
可燃ごみ,折りたたみイス (木製・プラスチック製),,お 
不燃ごみ,おろしがね(金属製),,お 
可燃ごみ,おろしがね(プラスチック製),,お 
不燃ごみ,温度計(アルコール),,お 
有害ごみ,温度計(水銀),,お 
可燃ごみ,貝殻,,か
不燃ごみ,懐中電灯,電池は外して有害ごみへ,か
プラスチック,買い物袋（レジ袋）,プラスチックマークがついていないものは可燃ごみへ,か
不燃ごみ,カイロ（金属製）,,か
可燃ごみ,カイロ（使いすて）,,か
可燃ごみ,化学ぞうきん,,か
不燃ごみ,鏡,,か
不燃ごみ,鍵,,か
不燃ごみ,額縁（金属製）,,か
可燃ごみ,額縁（木製・プラスチック製）,ガラスは外して不燃ごみへ,か
不燃ごみ,傘,20L以上の袋で、半分以上入っていること,か
かん,菓子缶,,か
不燃ごみ,加湿器,,か
雑誌・雑紙,菓子箱（紙製）,,か
雑紙・雑紙,菓子袋（紙製）,,か
プラスチック,菓子袋（ビニール製）,,か
可燃ごみ,ガーゼ,,か
可燃ごみ,カード類（ポイントカード・診察券等）,,か
有害ごみ,カセットコンロ用ガスボンベ,使い切ってから,か
不燃ごみ,カセットデッキ,,か
可燃ごみ,カセットテープ,,か
雑誌・雑紙,カタログ,,か
可燃ごみ,活性炭,,か
不燃ごみ,カッターナイフ,厚紙などに包んでください,か
可燃ごみ,カッパ（雨具）,,か
びん,カップ酒のびん,,か
プラスチック,カップ麺のかやく・スープの袋,,か
可燃ごみ,カップ麺のふた（紙製）,,か
プラスチック,カップ麺のふた（プラスチック製）,,か
可燃ごみ,カップ麺の容器（紙製）,,か
プラスチック,カップ麺の容器（プラスチック製）,,か
可燃ごみ,かつら,,か
古着・古布,カーテン（布製）,汚れのひどいものは可燃ごみへ,か
可燃ごみ,カーテン（ビニール製）,,か
古着・古布,カーテン（レース）,汚れのひどいものは可燃ごみへ,か
古着・古布,ガードル,汚れのひどいものは可燃ごみへ,か
不燃ごみ,金網,,か
不燃ごみ,金たわし,,か
不燃ごみ,かなづち,,か
可燃ごみ,かばん（革製・ビニール製）,金具はできるだけ外して不燃ごみへ,か
不燃ごみ,画びょう（押しピン）,厚紙などに包んでください,か
不燃ごみ,花瓶（ガラス製・陶磁器製）,,か
可燃ごみ,花瓶（プラスチック製）,,か
可燃ごみ,カーボン紙,,か
不燃ごみ,鎌,厚紙などに包んでください,か
不燃ごみ,釜,,か
可燃ごみ,紙おむつ（乳幼児・高齢者・障害者）,おむつ袋（緑色）、汚物はトイレへ流してください,か
可燃ごみ,紙コップ,雑誌・雑紙には出せません,か
可燃ごみ,紙皿,雑誌・雑紙には出せません,か
不燃ごみ,カミソリ,厚紙などに包んでください,か
可燃ごみ,髪の毛,,か
紙パック,紙パック,,か
雑誌・雑紙,紙袋,,か
可燃ごみ,ガム,,か
可燃ごみ,ガムテープ(クラフト製・布製・ビニール製),,か
不燃ごみ,カメラ,電池は外して充電式電池は 回収店舗へ(15 ページ参照) ボタン電池は有害ごみへ,か
可燃ごみ,蚊帳(天然繊維製・化学繊維製),,か
不燃ごみ,ガラスくず(破片),厚紙などに包んでください,か
雑誌・雑紙,空箱(紙製),,か
不燃ごみ,空箱(金属製),食品用は缶へ,か
可燃ごみ,空箱(木製・プラスチック製),,か
古着・古布,革製衣類,汚れのひどいものは可燃ごみへ,か
可燃ごみ,革靴,,か
可燃ごみ,革手袋,,か
可燃ごみ,革バッグ,金具はできるだけ外して不燃ごみへ,か
不燃ごみ,換気扇,,か
不燃ごみ,缶切り,,か
不燃ごみ,玩具(金属製),,か
可燃ごみ,玩具(木製・プラスチック製),,か
可燃ごみ,緩衝材(紙製),,か
可燃ごみ,プチプチと呼ばれる緩衝材(気泡製),プラスチックマークがついているものはプラスチックへ,か
プラスチック,緩衝材(発泡スチロール製),,か
可燃ごみ,乾燥剤,消石灰系はぬらさないでください,か
プラスチック,乾燥剤の容器,,か
有害ごみ,寒暖計(水銀),アルコール製のものは不燃ごみへ,か
かん,缶詰の缶,,か
有害ごみ,乾電池,,か
可燃ごみ,感熱紙,,か
可燃ごみ,木くず,湿らせてください,き 
可燃ごみ,木づち,,き 
可燃ごみ,キッチンペーパー,,き 
古着・古布,着物,汚れのひどいものは可燃ごみへ,き 
不燃ごみ,急須,,き 
紙パック,牛乳パック,,き 
びん,牛乳びん,,き 
不燃ごみ,給油ポンプ(電動式),電池は外して有害ごみへ,き 
可燃ごみ,給油ポンプ(手動式),,き 
雑誌・雑紙,教科書,,き 
不燃ごみ,金庫(手提げ),,き 
不燃ごみ,空気入れ(金属製),,く 
可燃ごみ,空気入れ(プラスチック製),,く 
不燃ごみ,釘,,く 
不燃ごみ,草刈り鎌,厚紙などに包んでください,く 
可燃ごみ,草,1回につき45L 以下、2袋まで無料,く 
不燃ごみ,櫛(金属製),,く 
,櫛(木製・竹製・プラスチック製) 可燃ごみ,,く 
不燃ごみ,串(金属製),束ねて厚紙などに包んで 刺さらないようにしてください,く 
可燃ごみ,串 (木製・竹製・プラスチック製),束ねて厚紙などに包んで 刺さらないようにしてください,く 
可燃ごみ,薬(医薬品),,く 
びん,薬のびん(市販の医薬品),,く 
プラスチック,薬のプラスチック包装,,く 
プラスチック,果物の保護材 (発泡スチロール製),,く 
不燃ごみ,口紅ケース(金属製),,く 
プラスチック,口紅ケース(プラスチック製),,く 
可燃ごみ,靴,,く 
古着・古布,靴下,汚れのひどいものは可燃ごみへ,く 
可燃ごみ,クッション (化学繊維製・天然繊維製),,く 
古着・古布,クッションカバー,汚れのひどいものは可燃ごみへ,く 
不燃ごみ,靴べら(金属製),,く 
可燃ごみ,靴べら(木製・プラスチック製),,く 
可燃ごみ,首輪,金具はできるだけ外して不燃ごみへ,く 
不燃ごみ,グラス,,く 
可燃ごみ,クーラーバッグ,,く 
不燃ごみ,クーラーボックス,,く 
不燃ごみ,クリスタルガラス,,く 
可燃ごみ,クリスマスツリー (プラスチック製),,く 
不燃ごみ,クリップ,,く 
可燃ごみ,クリーニングの袋,,く 
可燃ごみ,クレヨン,,く 
不燃ごみ,グロー球,,く 
可燃ごみ,グローブ(スポーツ用品),,く 
可燃ごみ,軍手,,く 
有害ごみ,蛍光管・蛍光灯,,け 
不燃ごみ,携帯電話,できるだけ販売店に持込んでください,け 
可燃ごみ,毛糸,,け 
不燃ごみ,計量ばかり,,け 
びん,化粧品のびん,乳白色のびんは不燃ごみへ,け 
不燃ごみ,化粧品の容器(金属製),,け 
プラスチック,化粧品の容器 (プラスチック製),,け 
可燃ごみ,下駄,,け 
プラスチック,ケチャップの容器,,け 
不燃ごみ,血圧計(電気式),,け 
有害ごみ,血圧計(水銀、卓上式),,け 
可燃ごみ,玄関マット,,け 
可燃ごみ,ござ(化学繊維製・天然繊維製),,こ 
粗大ごみ(不燃) 直接持込み又は収集依頼,こたつ,,こ 
可燃ごみ,こたつ下敷き (化学繊維製・天然繊維製),,こ 
不燃ごみ,こたつ電熱機器,,こ 
不燃ごみ,コップ (金属製・ガラス製・陶器製),,こ 
可燃ごみ,コップ(紙製・プラスチック製),紙製は雑誌・雑紙には出せません,こ 
古着・古布,コート,汚れのひどいものは可燃ごみへ,こ 
不燃ごみ,コード,,こ 
不燃ごみ,子供用遊具(金属製),,こ 
可燃ごみ,子供用遊具 (木製・プラスチック製),,こ 
不燃ごみ,コードリール,,こ 
かん,粉ミルクの缶,,こ 
不燃ごみ,コーヒーカップ,,こ 
不燃ごみ,コーヒーメーカー,,こ 
雑誌・雑紙,コピー用紙,,こ 
可燃ごみ,ゴム製品,,こ
プラスチック,米袋（ビニール製）,,こ
可燃ごみ,ゴルフボール,,こ
可燃ごみ,ゴルフマット,,こ
可燃ごみ,財布（化学繊維製・革製）,,さ
不燃ごみ,サインペン（金属製）,,さ
可燃ごみ,サインペン（プラスチック製）,,さ
可燃ごみ,魚の骨,,さ
古着・古布,作業服,汚れのひどいものは可燃ごみへ,さ
びん,酒びん,,さ
可燃ごみ,雑草,1回につき45L以下、2袋まで無料,さ
有害ごみ,殺虫剤（スプレー缶）,使い切ってから,さ
不燃ごみ,錆びた缶,,さ
可燃ごみ,座布団,,さ
不燃ごみ,皿（金属製・ガラス製・陶器製）,,さ
可燃ごみ,皿（紙製・プラスチック製）,紙製は雑誌・雑紙には出せません,さ
かん,サラダ油の缶,,さ
プラスチック,サラダ油の容器（プラスチック製）,,さ
不燃ごみ,ざる（金属製）,,さ
可燃ごみ,ざる（竹製・プラスチック製）,,さ
不燃ごみ,三脚（カメラ・ビデオ用）,,さ
可燃ごみ,サンダル,,さ
可燃ごみ,残飯,,さ
不燃ごみ,磁石,,し
雑誌・雑紙,辞書・辞典,,し
古着・古布,下着類,汚れのひどいものは可燃ごみへ,し
不燃ごみ,七輪,,し
古着・古布,シーツ,汚れのひどいものは可燃ごみへ,し
可燃ごみ,湿布薬,,し
可燃ごみ,CD,,し
可燃ごみ,CDケース,,し
不燃ごみ,CDプレーヤー,,し
不燃ごみ,CDラジカセ,,し
不燃ごみ,自転車の空気入れ（金属製）,,し
可燃ごみ,自転車の空気入れ（プラスチック製）,,し
可燃ごみ,自転車のタイヤ（チューブ）,車輪は不燃ごみへ,し
可燃ごみ,芝,1回につき45L以下、2袋まで無料,し
不燃ごみ,ジャー（炊飯器）,,し
不燃ごみ,杓子（おたま）（金属製）,,し
可燃ごみ,杓子（おたま）（竹製・木製・プラスチック製）,,し
古着・古布,ジャケット,汚れのひどいものは可燃ごみへ,し
可燃ごみ,写真,,し
不燃ごみ,シャープペンシル（金属製）,,し
可燃ごみ,シャープペンシル（プラスチック製）,,し
可燃ごみ,シャープペンシルの芯,,し 
不燃ごみ,しゃもじ(金属製),,し 
可燃ごみ,しゃもじ (竹製・木製・プラスチック製),,し 
プラスチック,シャンプーの詰め替え用袋,,し 
プラスチック,シャンプー容器 (ポンプ部分含む),,し 
プラスチック,シャンプー容器 詰替え用(プラスチック製),,し 
雑誌・雑紙,週刊誌,,し 
段ボール,収納ケース(紙製),,し 
不燃ごみ,収納ケース(金属製),,し 
可燃ごみ,収納ケース(プラスチック製),,し 
不燃ごみ,ジューサーミキサー,,し 
可燃ごみ,シューズ(靴),,し 
可燃ごみ,シューズケース,,し 
かん,ジュース缶,,し 
びん,ジュースのびん,,し 
不燃ごみ,ジュースのフタ(金属製),,し 
可燃ごみ,朱肉,,し 
雑誌・雑紙,シュレッダー紙,飛散しないようにしてください,し 
不燃ごみ,定規(金属製),,し 
可燃ごみ,定規 (竹製・木製・プラスチック製),,し 
不燃ごみ,浄水器,,し 
びん,焼酎のびん,,し 
不燃ごみ,照明器具,蛍光管は外して有害ごみへ,し 
びん,しょうゆびん,,し 
不燃ごみ,じょうろ(金属製),,し 
可燃ごみ,じょうろ(プラスチック製),,し 
可燃ごみ,食用油,紙・布にしみ込ませるか、 凝固剤で固めてください,し 
可燃ごみ,除湿剤,,し 
不燃ごみ,食器の水切り(金属製),,し 
可燃ごみ,食器の水切り(プラスチック製),,し 
プラスチック,食品トレイ(発泡スチロール製),,し 
プラスチック,食品トレイ(プラスチック製),,し 
可燃ごみ,人工芝,,し 
古着・古布,ジーンズ,汚れのひどいものは可燃ごみへ,し 
新聞,新聞紙,,し 
新聞,新聞折り込みチラシ,,し 
可燃ごみ,吸いがら,,す 
不燃ごみ,水槽(ガラス製),,す 
可燃ごみ,水槽(プラスチック製),,す 
不燃ごみ,水筒(金属製),,す 
可燃ごみ,水筒(プラスチック製),,す 
不燃ごみ,炊飯器,,す 
古着・古布,スカート,汚れのひどいものは可燃ごみへ,す 
古着・古布,スキーウェア,汚れのひどいものは可燃ごみへ,す 
不燃ごみ,スキー靴,,す 
不燃ごみ,スケート靴,,す 
不燃ごみ,すずり,,す 
不燃ごみ,スタンプ台（金属製）,,す
可燃ごみ,スタンプ台（プラスチック製）,,す
かん,スチール缶,,す
古着・古布,スーツ（背広）,汚れのひどいものは可燃ごみへ,す
プラスチック,スティック糊容器,,す
可燃ごみ,ストッキング,,す
可燃ごみ,ストロー,,す
プラスチック,ストローの袋（ビニール製）,,す
不燃ごみ,スパナ,,す
有害ごみ,スプレー缶,使い切ってから,す
不燃ごみ,スプーン（金属製）,,す
可燃ごみ,スプーン（竹製・木製・プラスチック製）,,す
古着・古布,ズボン,汚れのひどいものは可燃ごみへ,す
可燃ごみ,スポンジ,,す
可燃ごみ,スリッパ,,す
可燃ごみ,スリッパ立て（木製・プラスチック製）,,す
かん,清涼飲料水缶,,せ
びん,清涼飲料水びん,,せ
可燃ごみ,生理用品,,せ
可燃ごみ,石油ポンプ（手動式）,,せ
不燃ごみ,石油ポンプ（電動式）,電池は外して有害ごみへ,せ
古着・古布,セーター,汚れのひどいものは可燃ごみへ,せ
可燃ごみ,石鹸,,せ
可燃ごみ,石鹸の紙箱,,せ
プラスチック,石鹸の袋（ビニール製）,,せ
不燃ごみ,せともの類,,せ
古着・古布,背広（スーツ）,汚れのひどいものは可燃ごみへ,せ
プラスチック,ゼリーの容器（プラスチック製）,,せ
可燃ごみ,セロハンテープ,,せ
雑誌・雑紙,セロハンテープの芯（紙製）,,せ
可燃ごみ,先行,,せ
可燃ごみ,洗濯洗剤容器（紙製）,,せ
プラスチック,洗濯洗剤容器（プラスチック製）,,せ
可燃ごみ,洗濯ばさみ,,せ
不燃ごみ,栓抜き,,せ
プラスチック,せんべいの袋（ビニール製）,,せ
不燃ごみ,洗面器（金属製）,,せ
可燃ごみ,洗面器（プラスチック製）,,せ
可燃ごみ,造花,,そ
不燃ごみ,双眼鏡,,そ
可燃ごみ,ぞうきん,,そ
可燃ごみ,掃除機のごみ,,そ
可燃ごみ,ぞうり（天然繊維製・化学繊維製）,,そ
プラスチック,即席めんの袋（ビニール製）,,そ
プラスチック,即席めんの容器（発泡スチロール製）,,そ
プラスチック,ソースの容器（プラスチック製）,,そ
有害ごみ,体温計（水銀）,,た
不燃ごみ,体温計（デジタル）,ボタン電池は外して有害ごみへ,た
不燃ごみ,体重計,,た
不燃ごみ,タイル,20Lの袋1袋まで,た
雑誌・雑紙,ダイレクトメール,窓のビニールは切り取って可燃ごみへ,た
古着・古布,ダウンジャケット・ベスト,汚れのひどいものは可燃ごみへ,た
古着・古布,タオル・タオルケット,汚れのひどいものは可燃ごみへ,た
不燃ごみ,卓上コンロ,,た
可燃ごみ,竹串,束ねて厚紙などに包んで刺さらないようにしてください,た
可燃ごみ,脱臭剤,,た
可燃ごみ,タッパー容器,,た
可燃ごみ,たばこの銀紙,,た
可燃ごみ,たばこの吸殻,,た
雑誌・雑紙,たばこの箱,,た
プラスチック,たばこのフィルム,,た
可燃ごみ,卵の殻,,た
可燃ごみ,卵のパック（紙製）,雑誌・雑紙には出せません,た
プラスチック,卵のパック（プラスチック製）,,た
プラスチック,たまねぎのネット,,た
不燃ごみ,たわし（金属製）,,た
可燃ごみ,たわし（木製・プラスチック製）,,た
雑誌・雑紙,単行本,,た
段ボール,段ボール,,た
可燃ごみ,地球儀,,ち
可燃ごみ,茶がら,水分をよく切ってください,ち
かん,茶筒缶,,ち
不燃ごみ,茶碗（金属製・陶磁器製）,,ち
可燃ごみ,茶碗（木製・プラスチック製）,,ち
可燃ごみ,ちゃんちゃんこ,,ち
プラスチック,チューブの容器類,,ち
かん,調味料の缶,,ち
びん,調味料のびん,,ち
プラスチック,調味料の容器（プラスチック製）,,ち
新聞,チラシ（新聞折込）,,ち
有害ごみ,使い捨てライター,使い切ってから,つ
可燃ごみ,筒状のポテトチップ容器,,つ
可燃ごみ,積木(木製・プラスチック製),,つ
不燃ごみ,つめ切り,,つ
可燃ごみ,釣り糸,,つ
不燃ごみ,釣り針,厚紙などに包んでください,つ
古着・古布,Tシャツ,汚れのひどいものは可燃ごみへ,て 
可燃ごみ,ティッシュペーパー,,て 
雑誌・雑紙,ティッシュペーパーの箱,取り出し口のビニールは取って プラスチックへ,て 
可燃ごみ,DVD,,て 
可燃ごみ,DVDケース,,て 
不燃ごみ,DVDプレーヤー,,て 
雑誌・雑紙,手紙,,て 
不燃ごみ,手さげ金庫,,て 
雑誌・雑紙,手さげ袋(紙製),,て 
可燃ごみ,手さげ袋(ビニール製),,て 
可燃ごみ,テニスボール,,て 
不燃ごみ,テニスラケット,,て 
可燃ごみ,テーブルルクロス (布製・ビニール製),,て 
不燃ごみ,テープレコーダー,,て 
可燃ごみ,手袋(天然繊維製・ 化学繊維製・ゴム製),,て 
不燃ごみ,テレビの室内アンテナ,,て 
可燃ごみ,テレフォンカード,,て 
不燃ごみ,電気アンカ,,て 
不燃ごみ,電気釜,,て 
不燃ごみ,電気カミソリ,,て 
不燃ごみ,電気コード・ケーブル,,て 
不燃ごみ,電気スタンド,,て 
不燃ごみ,電気ストーブ,,て 
不燃ごみ,電気ポット,,て 
不燃ごみ,電球（LED含む）,,て 
不燃ごみ,電気毛布,,て 
不燃ごみ,電卓,,て 
有害ごみ,電池（乾電池）,,て 
有害ごみ,電池（ボタン電池）,,て 
不燃ごみ,電動かんな,,て 
可燃ごみ,電動歯ブラシ,電池は外して有害ごみへ,て 
不燃ごみ,電話機,,て 
雑誌・雑紙,電話帳,,て 
不燃ごみ,ドアノブ,,と
不燃ごみ,砥石,,と
可燃ごみ,トイレカバー（天然繊維製・化学繊維製）,,と
可燃ごみ,トイレットペーパー,,と
雑誌・雑紙,トイレットペーパーの芯,,と
不燃ごみ,陶磁器類,,と
プラスチック,豆腐の容器（プラスチック製）,,と
不燃ごみ,時計(腕時計・壁掛け時計),電池は外して有害ごみへ,と
不燃ごみ,トースター,,と
不燃ごみ,土鍋,,と
不燃ごみ,ドライバー,,と
不燃ごみ,ドライヤー,,と
可燃ごみ,トラロープ,,と
不燃ごみ,鳥かご(鉄製),,と
可燃ごみ,鳥かご(木製・プラスチック製),,と
かん,ドリンク缶,,と
びん,ドリンクびん,,と
不燃ごみ,トレイ(金属製),,と
プラスチック,トレイ(発泡スチロール製 ・プラスチック製),,と
びん,ドレッシングのびん,,と
プラスチック,ドレッシングの容器 (プラスチック製),,と
不燃ごみ,トロフィー(金属製・ガラス製),,と
可燃ごみ,トロフィー(プラスチック製),,と
不燃ごみ,トンカチ,,と
不燃ごみ,ナイフ類,厚紙などに包んでください,な 
プラスチック,苗木のプラスチック製鉢,,な 
可燃ごみ,長靴(ゴム製・ビニール製),,な 
プラスチック,納豆の容器(発泡スチロー ル製・プラスチック製),,な 
可燃ごみ,ナプキン,,な 
不燃ごみ,鍋,,な 
可燃ごみ,生ごみ,水分をよく切ってください,な 
可燃ごみ,荷造りのひも（クラフト製・ビニール製）,,に
びん,日本酒のびん,,に
プラスチック,乳酸菌飲料の容器（プラスチック製）,,に
可燃ごみ,人形（化学繊維製・プラスチック製・天然繊維製）,,に
可燃ごみ,ぬいぐるみ（化学繊維製・天然繊維製）,,ぬ
不燃ごみ,縫い針,厚紙などに包んでください,ぬ
可燃ごみ,ぬか,,ぬ
古着・古布,布切れ,ハンカチ大以上の大きさのもの,ぬ
可燃ごみ,ネガフィルム,,ね
古着・古布,ネクタイ,汚れのひどいものは可燃ごみへ,ね
可燃ごみ,猫砂,なるべく小分けにして出してください,ね
不燃ごみ,ネジ,,ね
可燃ごみ,寝袋,,ね
可燃ごみ,粘着テープ（クラフト製・布製・ビニール製）,,ね
可燃ごみ,粘土,,ね
不燃ごみ,のこぎり（手引き）,厚紙などに包んでください,の
雑誌・雑紙,ノート,,の
かん,海苔缶（金属製）,,の
プラスチック,海苔缶（プラスチック製）,,の
びん,海苔びん,,の
可燃ごみ,ノンカーボン紙,,の 
可燃ごみ,葉,1回につき45L 以下、2袋まで無料,は
可燃ごみ,灰(少量),湿らせてください,は
不燃ごみ,灰皿(金属製・陶磁器製),,は
可燃ごみ,灰皿(プラスチック製),,は
可燃ごみ,パイプ(塩ビ製),,は
不燃ごみ,パイプ(金属製),,は
雑誌・雑紙,バインダー(紙製),金具はできるだけ外して不燃ごみへ,は
可燃ごみ,バインダー(プラスチック製),金具はできるだけ外して不燃ごみへ,は
雑誌・雑紙,はがき,,は
不燃ごみ,はかり(金属製),,は
可燃ごみ,はかり(プラスチック製),,は
可燃ごみ,剥製,,は
不燃ごみ,白熱灯,,は
不燃ごみ,バケツ(金属製),,は
可燃ごみ,バケツ(プラスチック製),,は
不燃ごみ,はさみ類 (金属製・プラスチック製),厚紙などに包んでください,は
不燃ごみ,はし(金属製),,は
可燃ごみ,はし(竹製・木製・プラスチック製),,は
古着・古布,パジャマ,汚れのひどいものは可燃ごみへ,は
不燃ごみ,柱時計,電池は外して有害ごみへ,は
不燃ごみ,パソコン(プリンタ),,は
可燃ごみ,肌掛け布団,,は
不燃ごみ,鉢(金属製・陶磁器製),,は
可燃ごみ,鉢(木製・プラスチック製),,は
可燃ごみ,バッグ(革製・ビニール製・布製),金具はできるだけ外して不燃ごみへ,は
プラスチック,発泡スチロール製容器包装,プラスチックマークの表示があるもの,は
可燃ごみ,鼻紙,,は
可燃ごみ,花火,湿らせてください,は
可燃ごみ,歯ブラシ,,は
プラスチック,歯磨き粉のチューブ,,は
不燃ごみ,ハーモニカ,,は
不燃ごみ,刃物,厚紙などに包んでください,は
不燃ごみ,針,厚紙などに包んでください,は
不燃ごみ,針金,,は
不燃ごみ,ハンガー(金属製),,は
可燃ごみ,ハンガー(木製・プラスチック製),,は
可燃ごみ,はんこ(木製・象牙製・プラスチック製),,は
雑誌・雑紙,半紙,,は
可燃ごみ,絆創膏,,は
可燃ごみ,はんてん,,は
可燃ごみ,ハンドバッグ(革製 ・ビニール製・布製),金具はできるだけ外して 不燃ごみへ,は
雑誌・雑紙,ハンドブック,,は
雑誌・雑紙,パンフレット,,は
不燃ごみ,パン焼き器,,は
不燃ごみ,引き出し(卓上()金属製),,ひ
可燃ごみ,引き出し(卓上) (プラスチック製),,ひ
不燃ごみ,ひげ剃り,,ひ
可燃ごみ,ビーチマット,,ひ
不燃ごみ,ビデオカメラ,,ひ
不燃ごみ,ビデオデッキ,,ひ
可燃ごみ,ビデオテープ,,ひ
可燃ごみ,ビニール雨合羽,,ひ
可燃ごみ,ビニールクロス,,ひ
可燃ごみ,ビニールコーティング紙,,ひ
可燃ごみ,ビニールシート,,ひ
可燃ごみ,ビニールひも,,ひ
可燃ごみ,ビニール袋,,ひ
可燃ごみ,ビニール風呂敷,,ひ
可燃ごみ,ビニールホース,,ひ
雑誌・雑紙,百科事典,,ひ
プラスチック,漂白剤の容器(プラスチック製),,ひ
可燃ごみ,肥料(園芸用),,ひ
プラスチック,肥料の袋(園芸用),,ひ
かん,ビール缶,,ひ
びん,ビールびん,,ひ
びん,びん,飲料用・食品用・化粧品用のみ対象,ひ
雑誌・雑紙,便せん,,ひ
不燃ごみ,ファクシミリ,,ふ 
不燃ごみ,ファミコンデッキ,,ふ 
可燃ごみ,フィルム(カメラ用),,ふ 
雑誌・雑紙,封筒,窓のビニールは切り取って可燃ごみへ,ふ 
不燃ごみ,風鈴(ガラス製・金属製),,ふ 
不燃ごみ,フォーク(金属製),,ふ 
可燃ごみ,フォーク(木製・プラスチック製),,ふ 
古着・古布,服,汚れのひどいものは可燃ごみへ,ふ 
可燃ごみ,ふすま紙,,ふ 
可燃ごみ,付箋紙,,ふ 
不燃ごみ,フタ(陶磁器製・金属製),,ふ 
プラスチック,フタ(プラスチック製),,ふ 
可燃ごみ,プチプチと呼ばれる緩衝材,プラスチックマークがついているものはプラスチックへ,ふ 
不燃ごみ,筆(柄が金属製),,ふ 
可燃ごみ,筆(柄が木製・プラスチック製),,ふ 
古着・古布,布団カバー,汚れのひどいものは可燃ごみへ,ふ 
不燃ごみ,布団乾燥機,,ふ 
不燃ごみ,布団たたき(金属製),,ふ 
可燃ごみ,布団たたき(木製・竹製・プラスチック製),,ふ 
可燃ごみ,腐葉土(園芸用),,ふ 
不燃ごみ,フライパン,,ふ 
古着・古布,ブラジャー,汚れのひどいものは可燃ごみへ,ふ 
プラスチック,プラスチックトレイ,,ふ 
可燃ごみ,プラモデル,,ふ 
不燃ごみ,フラワースタンド(金属製),,ふ 
可燃ごみ,フラワースタンド (木製・プラスチック製),,ふ 
不燃ごみ,フラワーポット(陶磁器製・金属製),,ふ 
可燃ごみ,フラワーポット (木製・プラスチック製),,ふ 
不燃ごみ,プランター(陶磁器製・金属製),,ふ 
可燃ごみ,プランター（木製・プラスチック製）,,ふ 
プラスチック,プリンの容器（プラスチック製）,,ふ 
雑誌・雑紙,古本,,ふ 
可燃ごみ,フロアーマット,,ふ 
古着・古布,風呂敷,汚れのひどいものは可燃ごみへ,ふ 
可燃ごみ,フロッピーディスク,,ふ 
可燃ごみ,フロッピーディスクケース,,ふ 
可燃ごみ,風呂マット,,ふ 
不燃ごみ,文鎮,,ふ 
有害ごみ,ヘアスプレーの缶,使い切ってから,へ
不燃ごみ,ヘアブラシ（金属製）,,へ
可燃ごみ,ヘアブラシ（木製・プラスチック製）,,へ
可燃ごみ,ペットのトイレ砂,なるべく小分けにして出してください,へ
可燃ごみ,ペットのトイレシート,,へ
ペットボトル,ペットボトル,,へ
プラスチック,ペットボトルのキャップ（プラスチック製）,,へ
不燃ごみ,ヘッドホンステレオ,,へ
可燃ごみ,ペーパータオル,,へ
可燃ごみ,ベビー布団,,へ
不燃ごみ,ヘルスメーター,,へ
可燃ごみ,ベルト,金具はできるだけ外して不燃ごみへ,へ
不燃ごみ,ヘルメット,,へ
不燃ごみ,ペンキの缶,使い切ってください,へ
可燃ごみ,便座（普通便座）,,へ
不燃ごみ,便座（暖房便座）,,へ
可燃ごみ,弁当の容器（紙製・木製）,,へ
プラスチック,弁当の容器（プラスチック製）,,へ
可燃ごみ,弁当箱（プラスチック製）,,へ
不燃ごみ,ペン類（金属製）,,へ
可燃ごみ,ペン類（プラスチック製）,,へ
可燃ごみ,ほうき（竹製・プラスチック製）,,ほ
可燃ごみ,防災頭巾,,ほ
古着・古布,帽子,汚れのひどいものは可燃ごみへ,ほ
雑誌・雑紙,包装紙,,ほ
可燃ごみ,包装用フィルム,,ほ
可燃ごみ,包帯,,ほ
可燃ごみ,防虫剤(衣類用),,ほ
不燃ごみ,包丁,厚紙などに包んでください,ほ
不燃ごみ,包丁研ぎ器,,ほ
不燃ごみ,ボウル(台所用品)(金属製),,ほ
可燃ごみ,ボウル(台所用品) (プラスチック製),,ほ
可燃ごみ,ポケットティッシュ,,ほ
プラスチック,ポケットティッシュの 個袋(ビニール製),,ほ
可燃ごみ,ホース(ビニール製・ゴム製),,ほ
雑誌・雑紙,ポスター,,ほ
可燃ごみ,ボストンバッグ(小型),金具はできるだけ外して不燃ごみへ,ほ
不燃ごみ,ボタン(金属製),,ほ
可燃ごみ,ボタン(竹製・木製・プラスチック製),,ほ
不燃ごみ,ホチキス,,ほ
不燃ごみ,ポット(魔法瓶),,ほ
不燃ごみ,ホットプレート,,ほ
プラスチック,ボトル容器(プラスチック製),,ほ
不燃ごみ,哺乳瓶(ガラス製),,ほ
可燃ごみ,哺乳瓶(プラスチック製),,ほ
可燃ごみ,ポリタンク,,ほ
可燃ごみ,ポリ袋,,ほ
可燃ごみ,ポリ容器,,ほ
可燃ごみ,ボール(スポーツ用品),,ほ
不燃ごみ,ボールペン(金属製),,ほ
可燃ごみ,ボールペン(プラスチック製),,ほ
可燃ごみ,保冷剤,,ほ
不燃ごみ,ホーロー鍋,,ほ
雑誌・雑紙,本,,ほ
不燃ごみ,ポンプ(家庭用小型),,ほ
可燃ごみ,麻雀パイ(プラスチック製),,ま
不燃ごみ,マイク,,ま
プラスチック,マーガリンの容器,,ま
不燃ごみ,マグネット,,ま
可燃ごみ,枕(天然繊維製・化学繊維製),,ま
古着・古布,枕カバー,汚れのひどいものは可燃ごみへ,ま
不燃ごみ,マジックペン(ガラス製・鉄製),,ま
可燃ごみ,マジックペン(プラスチック製),,ま
可燃ごみ,マッチ,湿らせてください,ま
可燃ごみ,マット,,ま
不燃ごみ,窓ガラス(板ガラス),厚紙などに包んでください,ま
雑誌・雑紙,窓付き封筒,窓のビニールは切り取って可燃ごみへ,ま
可燃ごみ,まな板(木製・プラスチック製),,ま
不燃ごみ,マニキュアビン,,ま
不燃ごみ,魔法瓶(ポット),,ま
不燃ごみ,豆電球,,ま
プラスチック,マヨネーズの容器,,ま
雑誌・雑紙,漫画本,,ま
不燃ごみ,万年筆,,ま
プラスチック,みかんのネット,,み 
不燃ごみ,ミキサー,,み 
可燃ごみ,水枕(ゴム製),,み 
プラスチック,味噌の容器(プラスチック製),,み 
可燃ごみ,密閉容器(プラスチック製),,み 
不燃ごみ,ミニカー(金属製),,み 
可燃ごみ,ミニカー（プラスチック製）,,み 
可燃ごみ,耳かき（竹製・プラスチック製）,,み 
かん,ミルク缶,,み 
不燃ごみ,虫かご（金属製）,,む
可燃ごみ,虫かご（竹製・木製・プラスチック製）,,む
不燃ごみ,蒸し器（金属製）,,む
可燃ごみ,蒸し器（木製）,,む
不燃ごみ,虫眼鏡（金属製）,,む
可燃ごみ,虫眼鏡（プラスチック製）,,む
可燃ごみ,むしろ,,む
可燃ごみ,麦わら帽子,,む
雑誌・雑紙,名刺,,め
不燃ごみ,メガネ（フレーム金属製）,,め
可燃ごみ,メガネ（フレームプラスチック製）,,め
可燃ごみ,メガホン,,め
プラスチック,目薬の容器,,め
不燃ごみ,メジャー（金属製）,,め
可燃ごみ,メジャー（プラスチック製）,,め
不燃ごみ,メダル（記章）,,め
雑誌・雑紙,メモ用紙,,め
可燃ごみ,麺棒,,め
古着・古布,毛布,汚れのひどいものは可燃ごみへ,も
可燃ごみ,木片,,も
不燃ごみ,やかん,,や
可燃ごみ,野菜くず,水分をよく切ってください,や
古着・古布,浴衣,汚れのひどいものは可燃ごみへ,ゆ
不燃ごみ,湯たんぽ（金属製）,,ゆ
可燃ごみ,湯たんぽ（プラスチック製）,,ゆ
不燃ごみ,湯飲み茶碗,,ゆ
プラスチック,ヨーグルトの容器（プラスチック製）,,よ
可燃ごみ,楊枝,,よ
有害ごみ,ライター,使い切ってから,ら
不燃ごみ,ラケット,,ら
不燃ごみ,ラジオ,電池は外して有害ごみへ,ら
不燃ごみ,ラジカセ,電池は外して有害ごみへ,ら
可燃ごみ,ラップの芯,雑誌・雑紙には出せません,ら
可燃ごみ,ラップ類,プラスチックマーク表示のあるものはプラスチックへ,ら
不燃ごみ,ランチジャー,,ら
可燃ごみ,ランドセル,金具はできるだけ外して不燃ごみへ,ら
可燃ごみ,リコーダー（笛）,,り
不燃ごみ,リール（釣り具）,,り
プラスチック,リンスの詰替え用袋,,り
プラスチック,リンスの容器（ポンプ部分含む）,,り
プラスチック,リンスの容器詰替え用（プラスチック製）,,り
不燃ごみ,ルアー（釣り具）,,る
可燃ごみ,冷却まくら,,れ
可燃ごみ,レインコート,,れ
可燃ごみ,レコード,,れ 
不燃ごみ,レコードプレーヤー,,れ 
可燃ごみ,レシート(感熱紙),,れ 
雑誌・雑紙,レシート(感熱紙を除く),,れ 
プラスチック,レジ袋,プラスチックマークがついていないものは可燃ごみへ,れ 
可燃ごみ,レジャーシート,,れ 
プラスチック,レトルトパック,,れ 
可燃ごみ,ロウ紙,,ろ 
可燃ごみ,ローソク,,ろ 
可燃ごみ,ロープ(化学繊維製・天然繊維製),,ろ 
不燃ごみ,ローラースケート,,ろ 
びん,ワインのびん,キャップは不燃ごみへ コルクは可燃ごみへ,わ 
不燃ごみ,ワープロ,,わ 
古着・古布,ワイシャツ,汚れのひどいものは可燃ごみへ,わ 
可燃ごみ,輪ゴム,,わ 
可燃ごみ,和紙,,わ 
可燃ごみ,綿,,わ 
不燃ごみ,ワックスの缶,,わ 
不燃ごみ,ワッペン(金属製),,わ 
可燃ごみ,ワッペン(紙製・ビニール製 ・プラスチック製),,わ 
可燃ごみ,割り箸,,わ 
雑誌・雑紙,割り箸の袋(紙製),,わ 
プラスチック,割り箸の袋(ビニール製),,わ 
不燃ごみ,割れたびん,厚紙などに包んでください,わ 
可燃ごみ,腕章(布製・ビニール製 ・プラスチック製),安全ピンは外して不燃ごみへ,わ
